ID,SessionID,StartTime,EndTime,Duration
PostProcess,0db31698-a941-4258-95c5-8a857fd70b7f,1697719887,1697719937,49770
SendRequest,0db31698-a941-4258-95c5-8a857fd70b7f,1697719887,1697719889,1443
ProcessKDC,0db31698-a941-4258-95c5-8a857fd70b7f,1697719889,1697719889,0
PostProcessRecord,0db31698-a941-4258-95c5-8a857fd70b7f,1697719889,1697719889,0
SendCombinedDataToProxy,0db31698-a941-4258-95c5-8a857fd70b7f,1697719889,1697719937,48325
PostProcess,c95c98f5-9fbb-41d3-9953-ae0addbc5f3a,1697719956,1697720004,48744
SendRequest,c95c98f5-9fbb-41d3-9953-ae0addbc5f3a,1697719956,1697719957,1150
ProcessKDC,c95c98f5-9fbb-41d3-9953-ae0addbc5f3a,1697719957,1697719957,0
PostProcessRecord,c95c98f5-9fbb-41d3-9953-ae0addbc5f3a,1697719957,1697719957,0
SendCombinedDataToProxy,c95c98f5-9fbb-41d3-9953-ae0addbc5f3a,1697719957,1697720004,47593
PostProcess,f6676612-4079-4cd4-9500-1f5f934864d3,1697720024,1697720073,49701
SendRequest,f6676612-4079-4cd4-9500-1f5f934864d3,1697720024,1697720025,1175
ProcessKDC,f6676612-4079-4cd4-9500-1f5f934864d3,1697720025,1697720025,0
PostProcessRecord,f6676612-4079-4cd4-9500-1f5f934864d3,1697720025,1697720025,0
SendCombinedDataToProxy,f6676612-4079-4cd4-9500-1f5f934864d3,1697720025,1697720073,48524
CompleteProve,f6676612-4079-4cd4-9500-1f5f934864d3,1697720074,1697720092,18142
CircuitAssign,f6676612-4079-4cd4-9500-1f5f934864d3,1697720074,1697720074,0
ComputeProof,f6676612-4079-4cd4-9500-1f5f934864d3,1697720074,1697720092,17677
NewWitness,f6676612-4079-4cd4-9500-1f5f934864d3,1697720074,1697720074,0
GetCircuit,f6676612-4079-4cd4-9500-1f5f934864d3,1697720074,1697720074,0
CompileCircuit,f6676612-4079-4cd4-9500-1f5f934864d3,1697720074,1697720083,8888
NewProvingKey,f6676612-4079-4cd4-9500-1f5f934864d3,1697720083,1697720090,7479
Prove,f6676612-4079-4cd4-9500-1f5f934864d3,1697720090,1697720092,1309
PostProcess,cfb9f145-a71e-415e-be40-f780c1fe2ca5,1697720094,1697720143,49230
SendRequest,cfb9f145-a71e-415e-be40-f780c1fe2ca5,1697720094,1697720095,1573
ProcessKDC,cfb9f145-a71e-415e-be40-f780c1fe2ca5,1697720095,1697720095,0
PostProcessRecord,cfb9f145-a71e-415e-be40-f780c1fe2ca5,1697720095,1697720095,0
SendCombinedDataToProxy,cfb9f145-a71e-415e-be40-f780c1fe2ca5,1697720095,1697720143,47655
CompleteProve,cfb9f145-a71e-415e-be40-f780c1fe2ca5,1697720144,1697720162,18122
CircuitAssign,cfb9f145-a71e-415e-be40-f780c1fe2ca5,1697720144,1697720144,0
ComputeProof,cfb9f145-a71e-415e-be40-f780c1fe2ca5,1697720144,1697720161,17643
NewWitness,cfb9f145-a71e-415e-be40-f780c1fe2ca5,1697720144,1697720144,0
GetCircuit,cfb9f145-a71e-415e-be40-f780c1fe2ca5,1697720144,1697720144,0
CompileCircuit,cfb9f145-a71e-415e-be40-f780c1fe2ca5,1697720144,1697720153,8827
NewProvingKey,cfb9f145-a71e-415e-be40-f780c1fe2ca5,1697720153,1697720160,7475
Prove,cfb9f145-a71e-415e-be40-f780c1fe2ca5,1697720160,1697720161,1340
PostProcess,a9420bbe-d473-4a79-b701-e7d729028abb,1697720164,1697720213,49699
SendRequest,a9420bbe-d473-4a79-b701-e7d729028abb,1697720164,1697720165,1470
ProcessKDC,a9420bbe-d473-4a79-b701-e7d729028abb,1697720165,1697720165,0
PostProcessRecord,a9420bbe-d473-4a79-b701-e7d729028abb,1697720165,1697720165,0
SendCombinedDataToProxy,a9420bbe-d473-4a79-b701-e7d729028abb,1697720165,1697720213,48227
CompleteProve,a9420bbe-d473-4a79-b701-e7d729028abb,1697720214,1697720232,18035
CircuitAssign,a9420bbe-d473-4a79-b701-e7d729028abb,1697720214,1697720214,0
ComputeProof,a9420bbe-d473-4a79-b701-e7d729028abb,1697720214,1697720231,17566
NewWitness,a9420bbe-d473-4a79-b701-e7d729028abb,1697720214,1697720214,0
GetCircuit,a9420bbe-d473-4a79-b701-e7d729028abb,1697720214,1697720214,0
CompileCircuit,a9420bbe-d473-4a79-b701-e7d729028abb,1697720214,1697720223,8822
NewProvingKey,a9420bbe-d473-4a79-b701-e7d729028abb,1697720223,1697720230,7465
Prove,a9420bbe-d473-4a79-b701-e7d729028abb,1697720230,1697720231,1278
PostProcess,7961aa3b-3102-4c9c-a563-7a611a81cac6,1697720235,1697720284,48973
SendRequest,7961aa3b-3102-4c9c-a563-7a611a81cac6,1697720235,1697720236,1558
ProcessKDC,7961aa3b-3102-4c9c-a563-7a611a81cac6,1697720236,1697720236,0
PostProcessRecord,7961aa3b-3102-4c9c-a563-7a611a81cac6,1697720236,1697720236,0
SendCombinedDataToProxy,7961aa3b-3102-4c9c-a563-7a611a81cac6,1697720236,1697720284,47413
CompleteProve,7961aa3b-3102-4c9c-a563-7a611a81cac6,1697720284,1697720302,18048
CircuitAssign,7961aa3b-3102-4c9c-a563-7a611a81cac6,1697720284,1697720284,0
ComputeProof,7961aa3b-3102-4c9c-a563-7a611a81cac6,1697720284,1697720302,17580
NewWitness,7961aa3b-3102-4c9c-a563-7a611a81cac6,1697720284,1697720284,0
GetCircuit,7961aa3b-3102-4c9c-a563-7a611a81cac6,1697720284,1697720284,0
CompileCircuit,7961aa3b-3102-4c9c-a563-7a611a81cac6,1697720284,1697720293,8775
NewProvingKey,7961aa3b-3102-4c9c-a563-7a611a81cac6,1697720293,1697720301,7493
Prove,7961aa3b-3102-4c9c-a563-7a611a81cac6,1697720301,1697720302,1310
PostProcess,ae06f292-decb-47e1-9f53-aaac8e5044e0,1697720304,1697720354,50220
SendRequest,ae06f292-decb-47e1-9f53-aaac8e5044e0,1697720304,1697720306,1578
ProcessKDC,ae06f292-decb-47e1-9f53-aaac8e5044e0,1697720306,1697720306,0
PostProcessRecord,ae06f292-decb-47e1-9f53-aaac8e5044e0,1697720306,1697720306,0
SendCombinedDataToProxy,ae06f292-decb-47e1-9f53-aaac8e5044e0,1697720306,1697720354,48640
CompleteProve,ae06f292-decb-47e1-9f53-aaac8e5044e0,1697720355,1697720373,18053
CircuitAssign,ae06f292-decb-47e1-9f53-aaac8e5044e0,1697720355,1697720355,0
ComputeProof,ae06f292-decb-47e1-9f53-aaac8e5044e0,1697720355,1697720373,17587
NewWitness,ae06f292-decb-47e1-9f53-aaac8e5044e0,1697720355,1697720355,0
GetCircuit,ae06f292-decb-47e1-9f53-aaac8e5044e0,1697720355,1697720355,0
CompileCircuit,ae06f292-decb-47e1-9f53-aaac8e5044e0,1697720355,1697720364,8781
NewProvingKey,ae06f292-decb-47e1-9f53-aaac8e5044e0,1697720364,1697720371,7469
Prove,ae06f292-decb-47e1-9f53-aaac8e5044e0,1697720371,1697720373,1337
PostProcess,e6119587-97aa-419c-9b6e-8da7132cc35c,1697720375,1697720424,49604
SendRequest,e6119587-97aa-419c-9b6e-8da7132cc35c,1697720375,1697720376,1189
ProcessKDC,e6119587-97aa-419c-9b6e-8da7132cc35c,1697720376,1697720376,0
PostProcessRecord,e6119587-97aa-419c-9b6e-8da7132cc35c,1697720376,1697720376,0
SendCombinedDataToProxy,e6119587-97aa-419c-9b6e-8da7132cc35c,1697720376,1697720424,48413
CompleteProve,e6119587-97aa-419c-9b6e-8da7132cc35c,1697720425,1697720443,18071
CircuitAssign,e6119587-97aa-419c-9b6e-8da7132cc35c,1697720425,1697720425,0
ComputeProof,e6119587-97aa-419c-9b6e-8da7132cc35c,1697720425,1697720443,17600
NewWitness,e6119587-97aa-419c-9b6e-8da7132cc35c,1697720425,1697720425,0
GetCircuit,e6119587-97aa-419c-9b6e-8da7132cc35c,1697720425,1697720425,0
CompileCircuit,e6119587-97aa-419c-9b6e-8da7132cc35c,1697720425,1697720434,8779
NewProvingKey,e6119587-97aa-419c-9b6e-8da7132cc35c,1697720434,1697720441,7497
Prove,e6119587-97aa-419c-9b6e-8da7132cc35c,1697720441,1697720443,1322
PostProcess,f4c2f23d-95f0-473a-a7aa-d00ce936b8a8,1697720445,1697720496,51055
SendRequest,f4c2f23d-95f0-473a-a7aa-d00ce936b8a8,1697720445,1697720446,1186
ProcessKDC,f4c2f23d-95f0-473a-a7aa-d00ce936b8a8,1697720446,1697720446,0
PostProcessRecord,f4c2f23d-95f0-473a-a7aa-d00ce936b8a8,1697720446,1697720446,1
SendCombinedDataToProxy,f4c2f23d-95f0-473a-a7aa-d00ce936b8a8,1697720446,1697720496,49867
CompleteProve,f4c2f23d-95f0-473a-a7aa-d00ce936b8a8,1697720496,1697720514,18052
CircuitAssign,f4c2f23d-95f0-473a-a7aa-d00ce936b8a8,1697720496,1697720496,0
ComputeProof,f4c2f23d-95f0-473a-a7aa-d00ce936b8a8,1697720496,1697720514,17582
NewWitness,f4c2f23d-95f0-473a-a7aa-d00ce936b8a8,1697720496,1697720496,0
GetCircuit,f4c2f23d-95f0-473a-a7aa-d00ce936b8a8,1697720496,1697720496,0
CompileCircuit,f4c2f23d-95f0-473a-a7aa-d00ce936b8a8,1697720496,1697720505,8779
NewProvingKey,f4c2f23d-95f0-473a-a7aa-d00ce936b8a8,1697720505,1697720513,7493
Prove,f4c2f23d-95f0-473a-a7aa-d00ce936b8a8,1697720513,1697720514,1308
PostProcess,2f6755b8-3aae-416e-a546-0365b2b5c280,1697720516,1697720566,50344
SendRequest,2f6755b8-3aae-416e-a546-0365b2b5c280,1697720516,1697720518,1566
ProcessKDC,2f6755b8-3aae-416e-a546-0365b2b5c280,1697720518,1697720518,0
PostProcessRecord,2f6755b8-3aae-416e-a546-0365b2b5c280,1697720518,1697720518,0
SendCombinedDataToProxy,2f6755b8-3aae-416e-a546-0365b2b5c280,1697720518,1697720566,48776
CompleteProve,2f6755b8-3aae-416e-a546-0365b2b5c280,1697720567,1697720585,18003
CircuitAssign,2f6755b8-3aae-416e-a546-0365b2b5c280,1697720567,1697720567,0
ComputeProof,2f6755b8-3aae-416e-a546-0365b2b5c280,1697720567,1697720585,17534
NewWitness,2f6755b8-3aae-416e-a546-0365b2b5c280,1697720567,1697720567,0
GetCircuit,2f6755b8-3aae-416e-a546-0365b2b5c280,1697720567,1697720567,0
CompileCircuit,2f6755b8-3aae-416e-a546-0365b2b5c280,1697720567,1697720576,8770
NewProvingKey,2f6755b8-3aae-416e-a546-0365b2b5c280,1697720576,1697720583,7463
Prove,2f6755b8-3aae-416e-a546-0365b2b5c280,1697720583,1697720585,1299
PostProcess,de1dfc99-616f-4335-a989-3a851c693ff1,1697720587,1697720636,49742
SendRequest,de1dfc99-616f-4335-a989-3a851c693ff1,1697720587,1697720588,1169
ProcessKDC,de1dfc99-616f-4335-a989-3a851c693ff1,1697720588,1697720588,0
PostProcessRecord,de1dfc99-616f-4335-a989-3a851c693ff1,1697720588,1697720588,2
SendCombinedDataToProxy,de1dfc99-616f-4335-a989-3a851c693ff1,1697720588,1697720636,48569
PostProcess,dca52164-33df-4161-b174-9212a3d98e93,1697720656,1697720706,50292
SendRequest,dca52164-33df-4161-b174-9212a3d98e93,1697720656,1697720657,1420
ProcessKDC,dca52164-33df-4161-b174-9212a3d98e93,1697720657,1697720657,0
PostProcessRecord,dca52164-33df-4161-b174-9212a3d98e93,1697720657,1697720657,1
SendCombinedDataToProxy,dca52164-33df-4161-b174-9212a3d98e93,1697720657,1697720706,48869
CompleteProve,dca52164-33df-4161-b174-9212a3d98e93,1697720707,1697720725,18057
CircuitAssign,dca52164-33df-4161-b174-9212a3d98e93,1697720707,1697720707,0
ComputeProof,dca52164-33df-4161-b174-9212a3d98e93,1697720707,1697720724,17593
NewWitness,dca52164-33df-4161-b174-9212a3d98e93,1697720707,1697720707,0
GetCircuit,dca52164-33df-4161-b174-9212a3d98e93,1697720707,1697720707,0
CompileCircuit,dca52164-33df-4161-b174-9212a3d98e93,1697720707,1697720716,8801
NewProvingKey,dca52164-33df-4161-b174-9212a3d98e93,1697720716,1697720723,7491
Prove,dca52164-33df-4161-b174-9212a3d98e93,1697720723,1697720724,1300
PostProcess,d8c5be1e-071c-4d4c-918e-52b129cdb135,1697720727,1697720776,49062
SendRequest,d8c5be1e-071c-4d4c-918e-52b129cdb135,1697720727,1697720728,1150
ProcessKDC,d8c5be1e-071c-4d4c-918e-52b129cdb135,1697720728,1697720728,0
PostProcessRecord,d8c5be1e-071c-4d4c-918e-52b129cdb135,1697720728,1697720728,0
SendCombinedDataToProxy,d8c5be1e-071c-4d4c-918e-52b129cdb135,1697720728,1697720776,47911
CompleteProve,d8c5be1e-071c-4d4c-918e-52b129cdb135,1697720777,1697720795,18063
CircuitAssign,d8c5be1e-071c-4d4c-918e-52b129cdb135,1697720777,1697720777,0
ComputeProof,d8c5be1e-071c-4d4c-918e-52b129cdb135,1697720777,1697720794,17599
NewWitness,d8c5be1e-071c-4d4c-918e-52b129cdb135,1697720777,1697720777,0
GetCircuit,d8c5be1e-071c-4d4c-918e-52b129cdb135,1697720777,1697720777,0
CompileCircuit,d8c5be1e-071c-4d4c-918e-52b129cdb135,1697720777,1697720785,8791
NewProvingKey,d8c5be1e-071c-4d4c-918e-52b129cdb135,1697720785,1697720793,7487
Prove,d8c5be1e-071c-4d4c-918e-52b129cdb135,1697720793,1697720794,1318
PostProcess,772b88d1-1d2a-452d-9682-62fdff7cebf4,1697720796,1697720846,49237
SendRequest,772b88d1-1d2a-452d-9682-62fdff7cebf4,1697720796,1697720798,1187
ProcessKDC,772b88d1-1d2a-452d-9682-62fdff7cebf4,1697720798,1697720798,0
PostProcessRecord,772b88d1-1d2a-452d-9682-62fdff7cebf4,1697720798,1697720798,0
SendCombinedDataToProxy,772b88d1-1d2a-452d-9682-62fdff7cebf4,1697720798,1697720846,48048
CompleteProve,772b88d1-1d2a-452d-9682-62fdff7cebf4,1697720846,1697720864,18088
CircuitAssign,772b88d1-1d2a-452d-9682-62fdff7cebf4,1697720846,1697720846,0
ComputeProof,772b88d1-1d2a-452d-9682-62fdff7cebf4,1697720846,1697720864,17622
NewWitness,772b88d1-1d2a-452d-9682-62fdff7cebf4,1697720846,1697720846,0
GetCircuit,772b88d1-1d2a-452d-9682-62fdff7cebf4,1697720846,1697720846,0
CompileCircuit,772b88d1-1d2a-452d-9682-62fdff7cebf4,1697720846,1697720855,8810
NewProvingKey,772b88d1-1d2a-452d-9682-62fdff7cebf4,1697720855,1697720863,7492
Prove,772b88d1-1d2a-452d-9682-62fdff7cebf4,1697720863,1697720864,1318
PostProcess,8fa06627-11d6-4077-b787-83e830a2ddf4,1697720866,1697720917,50687
SendRequest,8fa06627-11d6-4077-b787-83e830a2ddf4,1697720866,1697720868,1585
ProcessKDC,8fa06627-11d6-4077-b787-83e830a2ddf4,1697720868,1697720868,0
PostProcessRecord,8fa06627-11d6-4077-b787-83e830a2ddf4,1697720868,1697720868,0
SendCombinedDataToProxy,8fa06627-11d6-4077-b787-83e830a2ddf4,1697720868,1697720917,49099
CompleteProve,8fa06627-11d6-4077-b787-83e830a2ddf4,1697720917,1697720936,18101
CircuitAssign,8fa06627-11d6-4077-b787-83e830a2ddf4,1697720917,1697720917,0
ComputeProof,8fa06627-11d6-4077-b787-83e830a2ddf4,1697720917,1697720935,17633
NewWitness,8fa06627-11d6-4077-b787-83e830a2ddf4,1697720917,1697720917,0
GetCircuit,8fa06627-11d6-4077-b787-83e830a2ddf4,1697720917,1697720917,0
CompileCircuit,8fa06627-11d6-4077-b787-83e830a2ddf4,1697720917,1697720926,8811
NewProvingKey,8fa06627-11d6-4077-b787-83e830a2ddf4,1697720926,1697720934,7483
Prove,8fa06627-11d6-4077-b787-83e830a2ddf4,1697720934,1697720935,1337
PostProcess,2cae7603-770a-4900-bee5-0cab0245ec0e,1697720937,1697720987,50168
SendRequest,2cae7603-770a-4900-bee5-0cab0245ec0e,1697720937,1697720938,1209
ProcessKDC,2cae7603-770a-4900-bee5-0cab0245ec0e,1697720938,1697720938,0
PostProcessRecord,2cae7603-770a-4900-bee5-0cab0245ec0e,1697720938,1697720938,0
SendCombinedDataToProxy,2cae7603-770a-4900-bee5-0cab0245ec0e,1697720938,1697720987,48957
CompleteProve,2cae7603-770a-4900-bee5-0cab0245ec0e,1697720988,1697721006,18257
CircuitAssign,2cae7603-770a-4900-bee5-0cab0245ec0e,1697720988,1697720988,0
ComputeProof,2cae7603-770a-4900-bee5-0cab0245ec0e,1697720988,1697721006,17793
NewWitness,2cae7603-770a-4900-bee5-0cab0245ec0e,1697720988,1697720988,0
GetCircuit,2cae7603-770a-4900-bee5-0cab0245ec0e,1697720988,1697720988,0
CompileCircuit,2cae7603-770a-4900-bee5-0cab0245ec0e,1697720988,1697720997,8959
NewProvingKey,2cae7603-770a-4900-bee5-0cab0245ec0e,1697720997,1697721004,7459
Prove,2cae7603-770a-4900-bee5-0cab0245ec0e,1697721004,1697721006,1374
PostProcess,0b0e4838-bd1d-4b78-93fa-1a02fd32dce9,1697721008,1697721058,49916
SendRequest,0b0e4838-bd1d-4b78-93fa-1a02fd32dce9,1697721008,1697721009,1197
ProcessKDC,0b0e4838-bd1d-4b78-93fa-1a02fd32dce9,1697721009,1697721009,0
PostProcessRecord,0b0e4838-bd1d-4b78-93fa-1a02fd32dce9,1697721009,1697721009,0
SendCombinedDataToProxy,0b0e4838-bd1d-4b78-93fa-1a02fd32dce9,1697721009,1697721058,48718
CompleteProve,0b0e4838-bd1d-4b78-93fa-1a02fd32dce9,1697721058,1697721077,18099
CircuitAssign,0b0e4838-bd1d-4b78-93fa-1a02fd32dce9,1697721058,1697721058,0
ComputeProof,0b0e4838-bd1d-4b78-93fa-1a02fd32dce9,1697721058,1697721076,17633
NewWitness,0b0e4838-bd1d-4b78-93fa-1a02fd32dce9,1697721058,1697721058,0
GetCircuit,0b0e4838-bd1d-4b78-93fa-1a02fd32dce9,1697721058,1697721058,0
CompileCircuit,0b0e4838-bd1d-4b78-93fa-1a02fd32dce9,1697721058,1697721067,8789
NewProvingKey,0b0e4838-bd1d-4b78-93fa-1a02fd32dce9,1697721067,1697721075,7491
Prove,0b0e4838-bd1d-4b78-93fa-1a02fd32dce9,1697721075,1697721076,1352
PostProcess,16906e06-0b1a-41a1-802a-217b48f73393,1697721078,1697721129,50210
SendRequest,16906e06-0b1a-41a1-802a-217b48f73393,1697721078,1697721080,1245
ProcessKDC,16906e06-0b1a-41a1-802a-217b48f73393,1697721080,1697721080,0
PostProcessRecord,16906e06-0b1a-41a1-802a-217b48f73393,1697721080,1697721080,0
SendCombinedDataToProxy,16906e06-0b1a-41a1-802a-217b48f73393,1697721080,1697721129,48963
CompleteProve,16906e06-0b1a-41a1-802a-217b48f73393,1697721129,1697721147,18103
CircuitAssign,16906e06-0b1a-41a1-802a-217b48f73393,1697721129,1697721129,0
ComputeProof,16906e06-0b1a-41a1-802a-217b48f73393,1697721129,1697721147,17624
NewWitness,16906e06-0b1a-41a1-802a-217b48f73393,1697721129,1697721129,0
GetCircuit,16906e06-0b1a-41a1-802a-217b48f73393,1697721129,1697721129,0
CompileCircuit,16906e06-0b1a-41a1-802a-217b48f73393,1697721129,1697721138,8799
NewProvingKey,16906e06-0b1a-41a1-802a-217b48f73393,1697721138,1697721145,7461
Prove,16906e06-0b1a-41a1-802a-217b48f73393,1697721145,1697721147,1363
PostProcess,815c0c5b-6d9c-41d3-ad78-236726c907e8,1697721150,1697721200,50276
SendRequest,815c0c5b-6d9c-41d3-ad78-236726c907e8,1697721150,1697721151,1229
ProcessKDC,815c0c5b-6d9c-41d3-ad78-236726c907e8,1697721151,1697721151,0
PostProcessRecord,815c0c5b-6d9c-41d3-ad78-236726c907e8,1697721151,1697721151,0
SendCombinedDataToProxy,815c0c5b-6d9c-41d3-ad78-236726c907e8,1697721151,1697721200,49045
CompleteProve,815c0c5b-6d9c-41d3-ad78-236726c907e8,1697721201,1697721219,18051
CircuitAssign,815c0c5b-6d9c-41d3-ad78-236726c907e8,1697721201,1697721201,0
ComputeProof,815c0c5b-6d9c-41d3-ad78-236726c907e8,1697721201,1697721218,17584
NewWitness,815c0c5b-6d9c-41d3-ad78-236726c907e8,1697721201,1697721201,0
GetCircuit,815c0c5b-6d9c-41d3-ad78-236726c907e8,1697721201,1697721201,0
CompileCircuit,815c0c5b-6d9c-41d3-ad78-236726c907e8,1697721201,1697721209,8823
NewProvingKey,815c0c5b-6d9c-41d3-ad78-236726c907e8,1697721209,1697721217,7481
Prove,815c0c5b-6d9c-41d3-ad78-236726c907e8,1697721217,1697721218,1279
PostProcess,3f3a5f81-3bea-48cf-96bb-9755c7e467b3,1697721220,1697721271,50767
SendRequest,3f3a5f81-3bea-48cf-96bb-9755c7e467b3,1697721220,1697721222,1387
ProcessKDC,3f3a5f81-3bea-48cf-96bb-9755c7e467b3,1697721222,1697721222,0
PostProcessRecord,3f3a5f81-3bea-48cf-96bb-9755c7e467b3,1697721222,1697721222,0
SendCombinedDataToProxy,3f3a5f81-3bea-48cf-96bb-9755c7e467b3,1697721222,1697721271,49379
CompleteProve,3f3a5f81-3bea-48cf-96bb-9755c7e467b3,1697721272,1697721290,18145
CircuitAssign,3f3a5f81-3bea-48cf-96bb-9755c7e467b3,1697721272,1697721272,0
ComputeProof,3f3a5f81-3bea-48cf-96bb-9755c7e467b3,1697721272,1697721289,17674
NewWitness,3f3a5f81-3bea-48cf-96bb-9755c7e467b3,1697721272,1697721272,0
GetCircuit,3f3a5f81-3bea-48cf-96bb-9755c7e467b3,1697721272,1697721272,0
CompileCircuit,3f3a5f81-3bea-48cf-96bb-9755c7e467b3,1697721272,1697721280,8787
NewProvingKey,3f3a5f81-3bea-48cf-96bb-9755c7e467b3,1697721280,1697721288,7471
Prove,3f3a5f81-3bea-48cf-96bb-9755c7e467b3,1697721288,1697721289,1415
